Date,News_Count,Avg_Sentiment,Positive_Count,Negative_Count,Neutral_Count,open_price,close_price,high_price,low_price
2021-01-01,10,0.06999999999999999,2,1,7,28924.73,29433.895,29826.332388,28637.798982
2021-01-02,10,0.04481818181818182,3,1,6,29492.37,32264.445,33643.40346,28958.759134
2021-01-03,10,0.08296969696969698,3,2,5,32195.72,33144.82,34945.505465,31953.705
2021-01-04,10,0.039090909090909086,4,1,5,33208.015,31978.405,33802.83,27595.395
2021-01-05,10,0.11596103896103896,5,0,5,31978.405,34137.745,34645.415319,29763.994199
2021-01-06,10,0.08065151515151515,3,0,7,34141.05,36886.71,37129.848386,33268.492014
2021-01-07,10,0.0058333333333333345,2,1,7,36886.71,39613.1,40754.32,35976.09
2021-01-08,10,0.01995580808080808,3,3,4,39531.4,40731.385,42373.096744,36431.085
2021-01-09,10,0.02624675324675325,3,2,5,40648.465,40261.075,41631.61,38364.832022
2021-01-10,10,0.034999999999999996,1,0,9,40184.79,38242.985,41801.287604,34212.955
2021-01-11,10,-0.011515151515151515,2,2,6,38279.905,35524.255,38573.03,30099.55
2021-01-12,10,0.08833333333333333,3,1,6,35464.12,34035.005,36700.45,32340.67
2021-01-13,10,0.0898989898989899,6,1,3,34035.005,37407.83,38006.759242,32182.322424
2021-01-14,10,0.1118452380952381,4,0,6,37407.83,39201.635,40270.753869,36658.9
2021-01-15,10,0.08666666666666666,4,0,6,39112.795,36737.0,39832.14,34223.355
2021-01-16,10,0.05833874458874459,3,2,5,36650.635,36015.76,38124.745,35278.046632
2021-01-17,10,0.07724747474747475,3,0,7,35935.54,35825.17,36895.945,33640.666169
2021-01-18,10,0.0,0,0,10,35751.445,36637.255,37656.375,34677.841793
2021-01-19,10,0.13015151515151516,6,1,3,36711.525,35958.485,38002.399109,35018.24049
2021-01-20,10,0.054636363636363636,3,0,7,35894.695,35528.685,36608.76,33210.875072
2021-01-21,10,0.10666666666666666,4,3,3,35453.62,30756.765,35727.77,29784.905
2021-01-22,10,0.025,2,1,7,30751.52,33093.8,34027.735,28564.768827
2021-01-23,10,0.026428571428571433,2,1,7,33093.805,32112.3,33540.595,31339.299467
2021-01-24,10,0.018333333333333333,1,0,9,32045.47,32223.06,33172.76,30827.762298
2021-01-25,10,0.066,2,0,8,32223.06,32247.875,34942.71,31557.23
2021-01-26,10,0.16749999999999998,4,2,4,32177.18,32508.075,33165.83,30727.052249
2021-01-27,10,0.014444444444444446,1,0,9,32575.465,30410.415,32681.305,29136.809052
2021-01-28,10,0.014318181818181818,3,1,6,30410.415,33418.075,34025.91,29819.350013
2021-01-29,10,0.08,2,0,8,33418.075,34290.3,38838.235,31780.559199
2021-01-30,9,0.04814814814814815,1,0,8,34290.86,34311.57,35246.247903,32731.4
2021-01-31,10,0.045,2,0,8,34240.53,33128.635,34527.035,32025.466514
2021-02-01,10,0.13488636363636364,5,0,5,33060.215,33528.89,34845.59,32219.71433
2021-02-02,10,0.04,2,0,8,33528.89,35495.675,36203.806192,33324.087588
2021-02-03,10,0.14863636363636362,4,1,5,35425.04,37682.64,37820.915248,35326.06
2021-02-04,10,0.16099999999999998,3,0,7,37752.59,36993.005,38901.595917,36126.490256
2021-02-05,10,0.05121212121212121,4,1,5,36993.005,38284.365,38513.745,36521.062915
2021-02-06,10,-0.023863636363636365,3,2,5,38353.95,39295.5,41095.551794,38099.105
2021-02-07,10,0.03071969696969697,2,0,8,39295.5,38842.42,39836.215,37248.40522
2021-02-08,10,-0.06733333333333333,2,2,6,38842.42,46498.88,46936.629063,37953.23
2021-02-09,10,0.047386363636363636,2,1,7,46498.88,46504.26,48496.756528,44898.149857
2021-02-10,10,0.07833333333333334,2,0,8,46427.04,44835.07,47583.83,43560.804132
2021-02-11,10,0.09245,4,0,6,44914.03,47990.58,48825.106621,43767.391992
2021-02-12,10,0.05581818181818182,3,0,7,47990.58,47537.845,49084.346296,46110.46
2021-02-13,10,0.010000000000000004,2,1,7,47434.615,47229.595,48366.45,46076.86
2021-02-14,10,-0.016666666666666666,0,1,9,47329.56,48748.83,49896.52,46983.835
2021-02-15,10,0.0011111111111111126,2,2,6,48648.515,47964.81,49120.95,45509.3231
2021-02-16,10,-0.051517857142857136,3,3,4,48064.08,49220.595,50892.145,46929.408378
2021-02-17,10,0.01106818181818182,2,1,7,49126.64,52166.44,52839.91,48779.945
2021-02-18,10,-0.021931818181818184,1,2,7,52056.645,51659.615,52780.48,50733.444918
2021-02-19,10,0.032443181818181815,2,1,7,51551.245,56000.87,57492.71,50547.779873
2021-02-20,10,0.176,4,0,6,56121.57,55993.09,57918.175,52147.305
2021-02-21,8,0.07820075757575756,4,1,3,55993.09,57497.31,58631.315,54955.885
2021-02-22,10,0.09683333333333334,3,1,6,57497.31,54132.73,57839.34,46275.225
2021-02-23,10,0.024999999999999994,3,1,6,54022.255,48879.475,54504.86,44687.35
2021-02-24,10,0.10166666666666666,4,2,4,48879.475,49776.3,51579.795,46763.535
2021-02-25,10,0.10931818181818183,2,0,8,49672.51,47067.73,52246.206419,46552.26564
2021-02-26,10,-0.07953030303030302,3,3,4,47067.73,46308.39,48868.895,44099.95
2021-02-27,9,0.1740079365079365,3,2,4,46408.9,46152.895,49004.715,44878.368482
2021-02-28,7,-0.01428571428571429,1,1,5,46057.165,45304.68,47044.495,42851.66229
2021-03-01,10,0.0,0,0,10,45214.275,49660.98,49973.705,44839.72
2021-03-02,10,0.0921031746031746,4,1,5,49770.725,48369.315,50499.885,46926.418618
2021-03-03,10,0.065,2,1,7,48369.315,50471.49,52834.395,47964.715
2021-03-04,10,0.086,3,1,6,50471.49,48267.855,52200.74,47315.938717
2021-03-05,10,0.012727272727272722,2,1,7,48364.6,48821.985,49656.82,46135.706084
2021-03-06,7,0.09999999999999999,3,1,3,48723.145,49021.39,49394.16,46946.578285
2021-03-07,8,0.023295454545454543,1,0,7,49041.8,51058.355,51580.065,48236.735
2021-03-08,10,0.0553030303030303,3,0,7,50965.09,52303.935,52551.215,49142.835865
2021-03-09,10,0.010303030303030314,3,2,5,52292.13,54811.27,55090.06,50719.575
2021-03-10,10,-0.06964141414141414,1,3,6,54790.16,56054.855,57871.335,51877.41
2021-03-11,10,0.027499999999999997,2,2,6,56054.855,57717.825,58405.606612,54148.995
2021-03-12,10,-0.029333333333333333,2,2,6,57705.805,57279.445,58239.105,54849.174433
2021-03-13,10,0.0699848484848485,4,1,5,57162.3,61243.875,62068.26,55870.761078
2021-03-14,9,0.18425925925925923,5,0,4,61365.165,59025.97,61893.61,58877.615374
2021-03-15,10,0.08249999999999999,3,2,5,59133.115,55642.825,60815.995,54473.675
2021-03-16,10,0.08641666666666667,5,1,4,55628.41,56939.24,58238.33,52884.175
2021-03-17,10,0.190625,5,0,5,56939.24,58947.155,59317.165,54009.375
2021-03-18,10,0.11363636363636362,5,2,3,58947.155,57623.93,60737.545,56787.205
2021-03-19,10,0.0024999999999999996,1,1,8,57623.93,58121.735,59683.46,55993.57
2021-03-20,6,0.18611111111111112,3,0,3,58001.63,58006.48,60087.51,57638.097629
2021-03-21,5,0.09333333333333335,2,0,3,58006.48,57404.605,59539.945,55444.56
2021-03-22,10,0.11499999999999999,3,0,7,57404.605,54197.86,58954.655,53523.182228
2021-03-23,10,0.075,2,0,8,54197.86,54258.32,57134.76,52830.56563
2021-03-24,10,-0.004999999999999999,1,1,8,54235.115,52361.775,57923.64,51523.665229
2021-03-25,10,0.061136363636363635,2,1,7,52361.775,51423.435,54837.21,50243.145771
2021-03-26,10,0.09664772727272727,3,0,7,51455.37,54978.99,56365.44,51080.94
2021-03-27,10,-0.09749999999999999,0,3,7,54978.99,55873.575,56818.205,53385.335
2021-03-28,10,-0.025181818181818184,1,1,8,55873.575,55788.845,56808.92,54557.86
2021-03-29,10,0.017378787878787882,3,1,6,55788.845,57627.705,58597.240602,54725.335
2021-03-30,10,0.0625,2,1,7,57627.705,58770.09,61043.345,56818.805
2021-03-31,10,0.03958333333333333,3,3,4,58891.53,58804.33,60021.935,56678.826567
2021-04-01,10,0.09204040404040403,4,1,5,58676.1,58724.145,59653.595,57702.239327
2021-04-02,10,-0.004999999999999999,2,2,6,58842.495,58994.825,60272.98214,58210.92
2021-04-03,10,0.135,2,1,7,59119.575,56926.645,59964.86,56677.805
2021-04-04,9,-0.008333333333333328,1,2,6,56901.95,58213.41,58625.9,56207.145
2021-04-05,10,-0.015,0,1,9,58338.155,59080.72,59402.99,56600.614073
2021-04-06,10,-0.005000000000000002,2,1,7,59197.86,57982.22,59668.115,57183.307576
2021-04-07,10,0.003500000000000003,2,2,6,58078.55,55952.675,58802.465,55299.566636
2021-04-08,10,0.08875,3,1,6,55853.185,57993.67,58312.255,55525.919663
2021-04-09,10,0.1827272727272727,5,0,5,57980.19,58115.17,59076.14,57076.4
2021-04-10,10,-0.003683838383838382,2,2,6,58115.17,59778.23,61513.795,57540.61
2021-04-11,10,0.11301060606060606,3,0,7,59778.23,59982.69,60829.79,58734.775
2021-04-12,10,0.09166666666666667,3,0,7,59982.69,59992.715,61474.82,59235.94
2021-04-13,10,0.048378787878787875,4,0,6,59833.245,63674.645,63941.805,59583.678782
2021-04-14,10,0.09433333333333332,6,1,3,63842.375,62941.13,65119.602594,61148.553677
2021-04-15,10,0.07574675324675326,4,0,6,62775.79,63271.795,64098.07,61482.825
2021-04-16,10,0.013333333333333332,1,1,8,63271.795,61254.22,64016.82,59865.199342
2021-04-17,10,-0.05333333333333333,1,2,7,61254.22,60071.37,62827.365,59515.015
2021-04-18,10,-0.011583333333333331,2,2,6,60071.37,56307.985,60615.321695,49269.465
2021-04-19,10,0.0803030303030303,4,0,6,56307.985,55678.96,59020.68,53247.91
2021-04-20,10,0.08383333333333334,3,1,6,55817.255,56505.65,57292.77,53013.18
2021-04-21,10,0.1275,3,0,7,56361.355,53826.575,56989.1,53498.297023
2021-04-22,10,-0.16899999999999998,2,3,5,53940.81,51700.13,55609.044558,50334.945024
2021-04-23,10,0.07583333333333334,2,0,8,51581.745,51176.025,52305.02,46864.325
2021-04-24,9,0.06666666666666667,3,2,4,51176.025,50115.745,52809.02,48353.5
2021-04-25,9,0.04570707070707071,3,0,6,50115.745,49122.125,50722.31,46490.82
2021-04-26,10,0.11722222222222223,5,0,5,49248.365,54001.86,54547.751231,48670.423731
2021-04-27,10,0.1064285714285714,4,0,6,53990.35,55098.25,55684.556172,53216.98
2021-04-28,10,-0.03401515151515152,1,2,7,55246.855,54744.055,56571.635873,53732.395
2021-04-29,10,0.0875,3,1,6,54744.055,53596.595,55751.69,52237.498293
2021-04-30,10,-0.06136363636363636,1,2,7,53730.645,57950.4,58166.67,52926.572153
2021-05-01,10,-0.0475,0,3,7,57803.745,57880.28,58724.605,56904.464447
2021-05-02,8,0.09930555555555555,2,1,5,57731.295,56616.965,58150.753518,55964.82211
2021-05-03,10,0.18681818181818183,4,0,6,56474.96,57205.85,59174.88,55311.325
2021-05-04,10,0.02,1,1,8,57352.45,53350.53,57864.725,52944.692035
2021-05-05,10,0.11696969696969699,4,0,6,53215.25,57562.375,58099.157543,52772.255
2021-05-06,10,0.06123484848484848,4,1,5,57417.11,56437.475,58634.355,54947.95
2021-05-07,10,0.13467532467532467,5,1,4,56428.975,57350.24,58894.285,55179.74
2021-05-08,5,0.13999999999999999,2,0,3,57350.24,59153.73,59797.42,56828.6
2021-05-09,10,0.12250000000000001,3,0,7,59003.49,58326.13,59517.425,55835.35
2021-05-10,10,0.06999999999999999,3,2,5,58177.335,55879.615,59788.225,53101.8
2021-05-11,10,-0.010833333333333316,2,1,7,55736.45,56744.53,57453.756881,54312.055
2021-05-12,10,0.08,2,0,8,56744.53,49471.115,58185.27,48264.525
2021-05-13,10,0.059878787878787886,3,1,6,49471.115,49688.18,51561.78,44560.995
2021-05-14,10,0.075,2,0,8,49688.18,49904.76,51744.825,48761.245
2021-05-15,7,0.04081632653061224,1,0,6,50030.54,46792.83,50896.535,45454.6
2021-05-16,10,0.10461111111111113,5,3,2,46925.155,46316.285,49982.722404,43507.18
2021-05-17,10,0.09791666666666667,5,2,3,46433.66,43543.45,46902.125,42041.135
2021-05-18,10,0.07009469696969697,4,2,4,43433.725,42990.4,45996.325,41923.005
2021-05-19,10,0.05444444444444444,2,2,6,43019.54,36683.675,43768.415,28274.91
2021-05-20,10,0.1430357142857143,5,1,4,36700.6,40599.925,42707.985,34957.325299
2021-05-21,10,0.059444444444444446,1,1,8,40599.925,37411.295,42335.78,33444.28
2021-05-22,10,0.08785714285714286,3,1,6,37334.985,37495.785,38958.365,35202.005
2021-05-23,10,0.04730555555555556,1,0,9,37414.915,34675.01,38413.35,31070.4
2021-05-24,10,-0.08286363636363636,3,2,5,34747.525,38806.495,40029.98,34365.115
2021-05-25,10,-0.019999999999999997,1,1,8,38788.7,38386.765,39972.645,36471.225
2021-05-26,10,-0.07125000000000001,1,3,6,38603.64,39215.18,40979.535,37822.96
2021-05-27,10,0.09363636363636363,3,0,7,39209.875,38562.07,40545.275,37118.635
2021-05-28,10,0.060833333333333336,3,3,4,38642.855,35698.905,39012.595,34685.37
2021-05-29,10,-0.03125,0,1,9,35626.225,34622.325,37452.57,33333.99
2021-05-30,8,-0.1,0,1,7,34622.325,35679.705,36620.15,33363.355
2021-05-31,10,-0.07166666666666667,1,1,8,35679.705,37216.995,37629.81,34132.12
2021-06-01,10,-0.030000000000000006,0,2,8,37294.98,36688.695,38009.4,35644.55
2021-06-02,10,0.006818181818181818,3,1,6,36688.695,37571.15,38315.13,35856.99
2021-06-03,10,-0.04,0,1,9,37646.98,39192.095,39576.19,37141.9
2021-06-04,10,0.05097222222222222,3,0,7,39192.095,36850.78,39672.415,35502.285
2021-06-05,6,0.19999999999999998,2,0,4,36775.435,35547.07,38014.58,34804.375
2021-06-06,10,0.085,2,1,7,35547.07,35848.035,36612.83,35189.2
2021-06-07,10,0.20933333333333332,5,0,5,35848.035,33555.43,36930.225,33279.055
2021-06-08,10,0.215,5,1,4,33555.43,33405.325,34158.58,30979.76
2021-06-09,10,0.0125,2,1,7,33475.395,37407.825,37664.72,32369.81
2021-06-10,10,0.051893939393939395,3,1,6,37407.825,36712.61,38516.555,35762.66
2021-06-11,10,0.018750000000000003,1,2,7,36712.61,37350.095,37773.19,35896.15
2021-06-12,10,0.07999999999999999,4,1,5,37350.095,35534.26,37546.715,34562.085
2021-06-13,9,0.045370370370370366,2,2,5,35534.26,39040.62,39498.08,34720.66
2021-06-14,10,0.07266666666666668,3,0,7,39115.66,40521.28,41101.305,38688.77
2021-06-15,10,0.26749999999999996,5,0,5,40254.66,40143.375,41442.025,39473.2
2021-06-16,10,0.04611111111111112,3,1,6,40143.375,38350.49,40590.345,38033.625
2021-06-17,10,0.03141414141414141,3,2,5,38350.49,38084.445,39655.885,37274.62
2021-06-18,10,0.00626262626262627,3,2,5,38084.445,35842.415,38286.14,35073.845
2021-06-19,9,0.040740740740740744,1,0,8,35770.045,35508.12,36525.03,34779.8
2021-06-20,10,-0.012361111111111111,1,2,7,35579.665,35597.875,36190.38,33282.065
2021-06-21,10,0.061818181818181814,3,0,7,35597.875,31604.5,35835.93,31212.345
2021-06-22,10,0.08090909090909093,4,1,5,31536.385,32542.98,33397.555,28754.225
2021-06-23,10,0.10545454545454544,4,1,5,32542.98,33684.26,34932.535,31679.67
2021-06-24,10,0.07227272727272727,5,1,4,33735.44,34667.745,35357.815,32298.98
2021-06-25,10,2.7755575615628915e-18,2,1,7,34720.605,31593.535,35566.235,31255.91
2021-06-26,10,0.06625,4,1,5,31593.535,32289.53,32779.205,30097.835
2021-06-27,10,-0.013181818181818183,2,2,6,32289.53,34702.68,34800.905,31948.735
2021-06-28,10,0.08444444444444446,2,1,7,34755.3,34491.695,35331.225,33844.56
2021-06-29,10,-0.09,0,3,7,34544.06,35923.34,36703.17,34172.29
2021-06-30,10,-0.009999999999999998,2,1,7,35923.34,35078.51,36174.24,34002.125
2021-07-01,10,-0.04,0,2,8,35054.77,33487.03,35133.615,32680.78
2021-07-02,10,-0.027500000000000004,1,3,6,33487.03,33794.145,34064.0,32670.91
2021-07-03,10,0.07916666666666666,2,0,8,33794.145,34683.515,35027.985,33261.205
2021-07-04,10,0.096,3,0,7,34683.515,35280.69,36026.36,34307.205
2021-07-05,10,-0.03916666666666666,1,4,5,35280.69,33687.39,35344.125,33105.665
2021-07-06,10,0.04,1,1,8,33738.2,34238.585,35166.645,33485.195
2021-07-07,10,-0.06661363636363636,2,3,5,34238.585,33854.13,35124.135,33727.24
2021-07-08,10,0.030000000000000006,2,2,6,33854.13,32881.82,34000.73,32061.855
2021-07-09,10,-0.007196969696969702,3,2,5,32881.82,33840.98,34151.65,32228.755
2021-07-10,10,0.019999999999999997,1,1,8,33790.2,33511.76,34336.78,32981.33
2021-07-11,7,0.11547619047619048,2,0,5,33511.76,34251.165,34659.355,33268.97
2021-07-12,10,-0.04818181818181819,2,1,7,34303.7,33067.265,34686.027917,32611.905
2021-07-13,10,0.007539682539682543,1,2,7,33067.265,32731.465,33410.85,32160.02
2021-07-14,10,-0.033333333333333326,1,3,6,32780.605,32818.93,33142.325,31563.49
2021-07-15,10,-0.0675,1,2,7,32769.075,31873.46,33232.895,31093.39
2021-07-16,10,-0.052142857142857144,0,2,8,31781.18,31398.93,32297.81,31005.18
2021-07-17,10,0.10113636363636362,3,0,7,31351.4,31526.105,32028.44,31119.685
2021-07-18,10,0.03874999999999999,2,1,7,31573.52,31775.785,32519.525,31067.57
2021-07-19,10,0.050925925925925916,4,1,5,31824.455,30826.96,31953.305,30388.825
2021-07-20,10,0.03156818181818183,3,1,6,30771.16,29792.41,31109.69,29259.865
2021-07-21,10,0.09424999999999999,4,1,5,29837.295,32136.075,32912.32,29459.4
2021-07-22,10,0.08045454545454545,3,1,6,32188.165,32292.06,32667.31,31683.83
2021-07-23,10,0.05750000000000001,2,1,7,32292.06,33604.315,33707.615,31982.97
2021-07-24,10,0.0043181818181818165,1,1,8,33655.5,34289.315,34582.92,33377.495
2021-07-25,10,0.03154761904761905,1,0,9,34289.315,35420.695,35489.59,33839.765
2021-07-26,10,0.1375,6,0,4,35367.585,37251.65,40633.59,35180.755
2021-07-27,10,-0.07553030303030302,2,4,4,37251.65,39480.295,39594.275,36348.21
2021-07-28,10,0.12999999999999998,5,2,3,39421.865,40021.275,40989.43,38746.135
2021-07-29,10,0.068125,2,1,7,39960.545,40041.385,40724.365,39196.509973
2021-07-30,10,0.13374999999999998,5,1,4,40041.385,42242.57,42374.78,38264.58
2021-07-31,10,-0.008238636363636366,1,1,8,42242.57,41439.81,42449.4,40998.44
2021-08-01,10,0.07363636363636364,2,0,8,41504.105,39902.85,42625.9,39323.98
2021-08-02,10,-0.03327579365079365,4,5,1,39839.715,39152.595,40521.64,38610.775
2021-08-03,10,-0.012499999999999997,1,1,8,39093.08,38199.365,39856.07,37595.060963
2021-08-04,10,0.06687499999999999,3,1,6,38199.365,39789.895,40053.07,37483.76303
2021-08-05,10,0.075,2,0,8,39728.4,40882.7,41469.39,37252.12
2021-08-06,10,0.05227272727272727,3,0,7,40945.395,42861.71,43407.795,39825.81
2021-08-07,10,0.0975,4,0,6,42794.435,44649.645,44841.775,42398.559728
2021-08-08,10,-0.03166666666666666,0,1,9,44580.74,43850.135,45402.845,43243.17
2021-08-09,10,0.006136363636363636,1,1,8,43782.645,46272.37,46560.805,42763.265
2021-08-10,10,-0.08416666666666667,2,1,7,46272.37,45594.12,46785.11,44567.275
2021-08-11,10,0.011818181818181818,1,0,9,45594.12,45595.73,46857.675,45279.845
2021-08-12,10,-0.08888888888888889,3,3,4,45478.43,44402.26,46302.89,43729.605
2021-08-13,10,0.015833333333333338,2,2,6,44402.26,47846.975,47972.31,44153.77
2021-08-14,10,-0.006363636363636366,2,1,7,47918.995,47108.715,48263.375,45970.685
2021-08-15,10,0.045,3,2,5,47179.59,47002.005,47491.25,45463.655
2021-08-16,10,0.10186026936026937,3,1,6,46929.095,45897.285,48140.57,45579.53
2021-08-17,10,-0.01125,1,2,7,45966.945,44674.98,47259.55,44365.45
2021-08-18,10,0.012090909090909091,4,1,5,44743.105,44708.38,46101.575,44132.82
2021-08-19,10,-0.03527777777777778,0,2,8,44641.32,46776.69,47149.235,43868.395
2021-08-20,10,-0.0125,2,3,5,46848.16,49368.895,49466.63,46527.025
2021-08-21,10,0.027500000000000004,2,2,6,49368.895,48881.845,49925.255,48169.145692
2021-08-22,10,0.025500000000000002,3,2,5,48806.33,49287.53,49623.59,48048.81
2021-08-23,10,0.01581818181818182,2,1,7,49213.145,49500.15,50598.63,48961.745
2021-08-24,10,0.11000000000000001,3,0,7,49424.525,47693.55,49963.54,47520.445
2021-08-25,10,0.04083333333333333,2,1,7,47633.515,48987.39,49334.535,47070.1
2021-08-26,10,0.023,2,2,6,49062.79,46828.39,49454.24,46256.74
2021-08-27,10,0.016249999999999997,1,1,8,46900.25,49099.265,49276.49,46264.965
2021-08-28,10,0.013636363636363636,1,0,9,49179.435,48936.005,49422.275,48338.970261
2021-08-29,10,0.04023148148148148,2,0,8,49010.96,48782.595,49767.345,47726.775919
2021-08-30,10,-0.029166666666666667,2,2,6,48708.145,46976.575,48978.375,46752.03
2021-08-31,10,0.05249999999999999,3,1,6,47047.36,47132.475,48330.415,46622.415
2021-09-01,10,0.09801587301587301,3,1,6,47061.45,48858.12,49164.521763,46461.51
2021-09-02,10,0.11366666666666667,5,0,5,48783.685,49265.035,50469.345,48481.77
2021-09-03,10,0.04,1,0,9,49185.92,50042.285,53011.38,48266.2
2021-09-04,8,0.16316964285714286,3,0,5,49965.975,49953.62,50670.035,49373.505
2021-09-05,9,-0.05555555555555555,1,2,6,50029.715,51806.855,53780.11,49425.275
2021-09-06,10,0.03125,2,2,6,51728.78,52710.265,52878.89,50955.105
2021-09-07,10,0.0875,5,0,5,52629.965,46889.655,53044.735,41546.25
2021-09-08,10,0.0008333333333333276,3,3,4,46960.785,46050.375,47478.465,44375.81
2021-09-09,10,-0.04,1,2,7,45979.59,46394.25,47436.72,45446.915
2021-09-10,10,-0.027500000000000007,2,2,6,46324.385,44848.81,47110.965,44068.275
2021-09-11,6,-0.049999999999999996,0,2,4,44781.265,45183.065,46067.11,44665.94
2021-09-12,10,0.075,2,1,7,45251.81,46002.765,46500.399447,44674.81
2021-09-13,10,0.11863636363636365,4,1,5,46073.995,44962.24,46946.305,43373.09
2021-09-14,10,0.06128787878787878,5,2,3,45031.785,47123.8,47342.39,44622.655276
2021-09-15,10,0.15444444444444444,6,2,2,47053.02,48130.015,48548.12,46647.0
2021-09-16,10,-0.03125,0,1,9,48054.73,47749.18,50185.515,46940.41
2021-09-17,10,0.08363636363636365,4,2,4,47822.89,47302.51,48243.495,46670.895
2021-09-18,7,0.11666666666666667,3,0,4,47374.32,48280.56,48886.615,46979.53
2021-09-19,8,-0.0625,0,1,7,48355.785,47226.64,48435.13,46790.47
2021-09-20,10,0.06444444444444444,4,1,5,47298.195,43035.265,47399.795,42438.4
2021-09-21,10,0.0,0,0,10,43035.265,40745.75,43735.785,39563.91
2021-09-22,10,0.09569444444444444,3,1,6,40745.75,43570.785,44102.905,40517.44
2021-09-23,10,0.1005681818181818,3,1,6,43570.785,44890.94,45074.225,43035.22
2021-09-24,10,0.10787878787878787,3,0,7,44823.62,42858.49,45193.825,40707.48
2021-09-25,9,-0.029166666666666674,0,1,8,42858.49,42690.275,43064.525,41621.145
2021-09-26,10,0.06079545454545454,3,0,7,42757.805,43180.4,44023.485,40744.24
2021-09-27,10,0.085,2,0,8,43114.535,42151.47,44441.685,42023.928904
2021-09-28,10,0.061136363636363635,3,0,7,42086.825,41025.355,42854.535,40841.31
2021-09-29,10,0.09,4,0,6,41025.355,41516.54,42646.83,40373.105
2021-09-30,10,0.19342803030303027,5,1,4,41453.665,43824.23,44342.26,41335.835
2021-10-01,10,0.08349999999999999,4,0,6,43824.23,48167.02,48579.55,43209.725
2021-10-02,9,0.1222222222222222,3,0,6,48167.02,47652.41,48462.655,47288.03
2021-10-03,7,0.16428571428571428,3,1,3,47652.41,48230.7,49328.675,47012.575
2021-10-04,10,0.027193181818181818,2,1,7,48230.7,49222.22,49596.905,46865.53
2021-10-05,10,0.05,2,0,8,49146.19,51506.995,52685.365,48920.301778
2021-10-06,10,0.13726190476190475,5,0,5,51585.84,55324.095,56172.435,50342.63
2021-10-07,10,0.03,1,0,9,55324.095,53807.925,55436.75,53268.325
2021-10-08,10,0.0022727272727272874,3,1,6,53726.965,53971.195,56159.525,53550.75
2021-10-09,9,0.15757575757575756,3,1,5,54053.68,54947.395,55600.905,53620.09
2021-10-10,10,0.10666666666666666,3,0,7,55029.975,54656.845,56551.115,54086.78
2021-10-11,10,-0.020000000000000007,1,1,8,54574.635,57446.21,58196.11,54313.345
2021-10-12,10,-0.028515151515151514,3,1,6,57534.975,55972.445,57850.863337,53804.690248
2021-10-13,10,0.0,1,1,8,55888.55,57338.96,57854.32,54153.46
2021-10-14,10,0.08199999999999999,4,0,6,57338.96,57308.36,58598.22,56759.495
2021-10-15,10,0.06599999999999999,4,1,5,57170.1,61687.98,63027.859721,56733.77
2021-10-16,4,0.0078125,0,0,4,61592.98,60852.88,62417.615,60086.985
2021-10-17,10,0.06178571428571429,4,1,5,60945.955,61512.6,61736.15,58767.98
2021-10-18,10,0.1467878787878788,5,0,5,61413.905,61987.58,62989.975,59770.925
2021-10-19,10,0.1275,3,2,5,61987.58,64250.575,64541.14,61238.94
2021-10-20,10,0.034950757575757586,4,1,5,64250.575,66005.85,67263.605,63386.805
2021-10-21,10,-0.0375,1,1,8,66104.915,62165.56,66786.575,61907.058457
2021-10-22,10,0.05,1,0,9,62165.56,60661.13,63817.89,59927.535
2021-10-23,8,0.0375,1,0,7,60752.475,61267.365,61816.925,59562.465
2021-10-24,6,0.008333333333333331,3,1,2,61267.365,60815.46,61550.195,59409.25
2021-10-25,10,0.03,1,0,9,60722.84,63083.61,64062.525,60499.96
2021-10-26,10,-0.03743506493506494,0,2,8,63180.335,60304.33,63372.21,59742.47
2021-10-27,10,0.04772727272727273,3,0,7,60396.105,58462.635,61606.735,58003.915
2021-10-28,10,0.125,5,1,4,58462.635,60598.165,62606.305456,57603.594266
2021-10-29,10,0.04,1,0,9,60506.695,62280.265,63472.16,60119.56
2021-10-30,10,0.0,0,0,10,62280.265,61886.985,62499.755,60417.615
2021-10-31,10,0.0075000000000000015,1,0,9,61886.985,61312.025,62531.33,59963.095
2021-11-01,10,0.19424675324675325,5,0,5,61218.335,60925.65,62579.555,59522.84
2021-11-02,10,0.0225,2,2,6,60925.65,63314.385,64394.1,60521.105
2021-11-03,10,0.018636363636363635,3,1,6,63411.09,62938.645,64205.96,60035.87935
2021-11-04,10,0.0587037037037037,3,1,6,62938.645,61433.47,63233.805,60621.46
2021-11-05,10,0.0,1,1,8,61340.69,61044.48,62747.205,60053.085
2021-11-06,4,-0.07840909090909091,1,1,2,60952.945,61538.21,61723.64,60046.01
2021-11-07,9,0.00850729517396184,2,1,6,61631.255,63313.135,63416.4,61279.2
2021-11-08,10,-0.05791666666666667,4,3,3,63313.135,67567.565,67932.51,63203.675
2021-11-09,10,0.13887878787878788,5,1,4,67567.565,66969.855,68684.425,65919.78
2021-11-10,10,0.0553939393939394,4,0,6,66969.855,64828.13,69134.85,62899.22
2021-11-11,10,0.07999999999999999,2,0,8,64828.13,64779.415,65689.78,63999.945
2021-11-12,10,0.0125,2,1,7,64686.815,64131.74,65617.84,62213.335
2021-11-13,10,0.08333333333333333,2,0,8,64131.74,64386.055,65099.195,63273.8
2021-11-14,10,0.11963636363636362,4,0,6,64483.85,65481.635,65617.98,63479.74
2021-11-15,10,0.025,2,2,6,65582.075,63657.54,66462.995,63334.945
2021-11-16,10,0.05875000000000001,3,0,7,63657.54,60127.845,63768.85,58626.275
2021-11-17,10,0.1275,4,2,4,60036.43,60363.105,60952.33,58420.710213
2021-11-18,10,0.066,2,0,8,60455.86,56961.32,61137.54,56003.04
2021-11-19,10,-0.03149999999999999,1,2,7,57088.035,58110.85,59078.325,55534.915
2021-11-20,10,0.20999999999999996,4,0,6,58198.28,59765.895,60876.14,57325.085
2021-11-21,10,0.07083333333333333,3,1,6,59765.895,58672.055,60530.89,58458.475
2021-11-22,10,0.0,1,1,8,58761.42,56235.39,59645.29,55557.375
2021-11-23,10,-0.019181818181818182,2,1,7,56148.655,57557.685,57958.68,55390.02
2021-11-24,10,0.039999999999999994,3,2,5,57644.605,57169.155,57870.585,55821.38
2021-11-25,10,0.11857575757575758,5,0,5,57212.385,58993.055,59873.255,56946.565
2021-11-26,10,0.15045454545454545,5,0,5,58993.055,53789.345,59301.49,53476.745
2021-11-27,10,0.085,3,1,6,53708.13,54755.03,55747.33,53590.585
2021-11-28,8,0.0296875,1,0,7,54755.03,57317.555,57573.01,53334.05
2021-11-29,10,0.0010119047619047612,1,1,8,57405.59,57868.525,58993.95,56647.63
2021-11-30,10,0.11780303030303033,4,2,4,57868.465,56986.22,59347.535,55855.395
2021-12-01,10,0.043833333333333335,3,2,5,57075.435,57222.25,59186.81,56423.505
2021-12-02,10,-0.01484848484848485,3,3,4,57222.25,56519.205,57857.85,55755.73
2021-12-03,10,0.07252525252525252,3,2,5,56519.205,53662.46,57751.225,51591.585
2021-12-04,10,-0.11000000000000001,0,3,7,53662.46,49248.39,53994.935,41989.59
2021-12-05,10,0.08666666666666666,4,0,6,49248.39,49459.18,50101.205,47790.515
2021-12-06,10,0.1998863636363636,6,1,3,49384.045,50546.455,51098.215,47149.605
2021-12-07,10,-0.004999999999999999,1,2,7,50546.455,50609.0,52080.11,49458.96
2021-12-08,10,0.07404761904761906,2,0,8,50473.58,50522.315,51331.285,48614.715
2021-12-09,10,0.0835,2,1,7,50522.315,47581.765,50916.845,47253.775
2021-12-10,10,0.14982142857142855,6,1,3,47581.765,47203.55,50160.914268,46870.01
2021-12-11,9,0.12083333333333332,2,0,7,47129.725,49403.54,49581.695,46736.47
2021-12-12,10,0.125,3,0,7,49403.54,50073.505,50894.07,48575.44
2021-12-13,10,-9.714451465470119e-18,3,1,6,50073.505,46719.57,50289.605,45722.835
2021-12-14,10,-0.037142857142857144,1,2,7,46719.57,48355.18,49599.495,45455.425
2021-12-15,10,0.11124999999999999,4,0,6,48327.71,48870.43,49531.334748,46557.611585
2021-12-16,10,0.044469696969696965,3,1,6,48870.43,47636.18,49443.231573,47453.376944
2021-12-17,10,-0.06333333333333335,3,2,5,47636.18,46160.78,48015.26208,45455.26248
2021-12-18,10,0.06666666666666668,2,0,8,46160.78,46839.135,47372.54335,45509.04727
2021-12-19,9,-0.034259259259259274,2,3,4,46839.135,46699.175,48401.647736,46416.842359
2021-12-20,10,0.05,1,0,9,46694.0,46925.5,47556.523163,45553.225232
2021-12-21,10,0.05500000000000001,1,0,9,46925.5,48910.5,49344.0,46636.126868
2021-12-22,10,0.1534848484848485,6,1,3,48910.5,48605.5,49591.5,48431.575923
2021-12-23,10,0.076,3,0,7,48605.5,50848.0,51400.142975,48007.0
2021-12-24,10,0.07281818181818182,4,1,5,50849.0,50852.5,51880.135,50441.5
2021-12-25,7,0.18571428571428572,2,1,4,50855.0,50445.0,51220.767555,50192.076985
2021-12-26,10,-0.0225,1,2,7,50445.0,50802.5,51316.550893,49443.302187
2021-12-27,10,0.03,1,1,8,50803.5,50706.5,52115.5,50428.625215
2021-12-28,10,0.10583333333333333,3,2,5,50706.5,47542.5,50725.18605,47258.692964
2021-12-29,10,0.05,1,0,9,47545.0,46480.0,48151.5,46064.039558
2021-12-30,10,-0.015000000000000003,1,2,7,46480.0,47124.0,47935.057788,45932.0
2021-12-31,10,0.15333333333333335,3,0,7,47124.0,46196.0,48600.484791,45656.0
2022-01-01,10,0.19,5,0,5,46197.5,47744.5,47973.0,46190.5
2022-01-02,10,0.101,4,0,6,47742.5,47314.0,48008.0,46676.5
2022-01-03,10,-0.04136363636363636,2,2,6,47314.0,46458.0,47604.025284,45697.563833
2022-01-04,10,-0.015750000000000004,3,3,4,46458.0,45822.0,47539.0,45527.0
2022-01-05,10,0.035,2,1,7,45756.5,43454.5,47053.976298,42437.003422
2022-01-06,10,-0.0640277777777778,2,4,4,43456.0,43084.0,43808.787383,42425.0
2022-01-07,8,0.06306818181818181,3,1,4,43084.0,41563.0,43148.0,40607.5
2022-01-08,10,-0.020000000000000007,2,1,7,41563.0,41689.0,42339.981587,40518.5
2022-01-09,8,0.024684343434343434,3,1,4,41689.0,41884.0,42800.0,41207.12378
2022-01-10,10,-0.15499999999999997,1,3,6,41882.0,41834.5,42254.5,39637.951999
2022-01-11,10,-0.002685185185185182,2,1,7,41834.5,42749.0,43141.006139,41267.613303
2022-01-12,10,0.08,2,1,7,42749.0,43930.5,44346.5,42442.029919
2022-01-13,10,-0.034722222222222224,1,1,8,43930.5,42579.0,44478.149537,42338.0
2022-01-14,10,0.0668181818181818,3,1,6,42576.0,43089.5,43475.0,41772.0
2022-01-15,8,0.140625,3,0,5,43089.5,43097.5,43825.5,42564.02
2022-01-16,6,0.0,0,0,6,43097.5,43106.5,43500.5,42599.634646
2022-01-17,10,0.175,4,0,6,43106.5,42225.5,43205.5,41568.0
2022-01-18,10,0.12333333333333334,4,1,5,42223.5,42366.0,42715.354921,41266.003134
2022-01-19,10,0.02375,1,0,9,42366.0,41823.5,42629.279367,41148.0
2022-01-20,10,0.065,2,0,8,41868.0,40675.5,43533.754594,40524.317825
2022-01-21,10,0.04981818181818182,3,1,6,40673.5,36455.0,41141.0,35438.5
2022-01-22,10,0.10966666666666666,3,1,6,36455.0,35064.5,36833.79,34020.99
2022-01-23,10,-0.035625,3,3,4,35069.5,36277.5,36540.455727,34612.145278
2022-01-24,10,0.02560606060606061,4,2,4,36277.5,36704.0,37570.0,32944.5
2022-01-25,10,0.05500000000000001,3,0,7,36508.5,36991.5,37582.44,35716.465
2022-01-26,10,0.10666666666666666,2,0,8,36991.5,36837.0,38960.357026,36256.5
2022-01-27,10,0.20249999999999999,4,1,5,36837.0,37185.0,37263.0,35522.70669
2022-01-28,10,0.14666666666666667,4,0,6,37185.0,37725.5,38040.389522,36171.5
2022-01-29,9,-0.0683641975308642,2,1,6,37725.5,38194.5,38750.0,37336.5
2022-01-30,10,-0.001931818181818179,4,1,5,38194.5,37907.0,38396.0,37366.5
2022-01-31,10,-0.1177825877825878,0,3,7,37905.0,38498.0,38772.550192,36654.286161
2022-02-01,10,0.18781818181818183,5,0,5,38498.0,38725.0,39296.0,38021.76
2022-02-02,10,0.06999999999999999,3,0,7,38724.0,36920.5,38889.0,36600.0
2022-02-03,10,0.12181818181818183,3,0,7,36923.5,37341.5,37388.5,36259.5
2022-02-04,10,0.08499999999999999,3,0,7,37337.5,41608.0,41800.448816,37050.965
2022-02-05,10,0.061250000000000006,3,0,7,41609.0,41407.5,41966.5,40958.306045
2022-02-06,9,0.1111111111111111,2,0,7,41407.5,42422.0,42699.5,41140.5
2022-02-07,10,0.02154545454545455,2,2,6,42421.0,43871.5,44551.0,41677.0
2022-02-08,10,0.08099206349206349,3,1,6,43871.5,44092.0,45523.5,42682.57097
2022-02-09,10,0.12225000000000001,4,0,6,44136.0,44413.5,44871.458571,43166.5
2022-02-10,10,0.19083333333333333,4,1,5,44413.5,43525.5,45862.0,43212.5
2022-02-11,10,0.06833333333333333,2,1,7,43525.5,42400.0,43982.38,41960.0
2022-02-12,10,0.04666666666666667,2,0,8,42401.0,42243.5,43059.502878,41753.853261
2022-02-13,10,0.04375,2,1,7,42243.5,42075.0,42780.5,41880.178693
2022-02-14,10,0.027999999999999997,2,2,6,42074.0,42550.0,42865.76472,41523.242436
2022-02-15,10,0.0037499999999999977,1,2,7,42552.0,44588.5,44828.678461,42441.321308
2022-02-16,10,0.09166666666666667,2,0,8,44588.5,43898.0,44595.5,43337.5
2022-02-17,10,0.008333333333333335,1,2,7,43896.0,40544.0,44206.51,40081.142973
2022-02-18,9,0.049999999999999996,2,0,7,40545.0,39996.5,40994.0,39460.745
2022-02-19,10,0.24113636363636362,7,0,3,39996.5,40098.0,40479.675035,39655.0
2022-02-20,9,0.022530864197530864,2,2,5,40097.0,38392.5,40139.902473,37992.0
2022-02-21,10,-0.14036363636363636,3,2,5,38392.5,37021.5,39521.5,36815.0
2022-02-22,10,0.05613636363636364,2,1,7,37018.5,38251.5,38451.23,36360.0
2022-02-23,10,0.03333333333333334,1,1,8,38251.5,37265.0,39280.085,37056.44
2022-02-24,10,0.09961038961038961,4,0,6,37265.0,38350.0,39778.766503,34327.0
2022-02-25,10,-0.03666666666666667,1,3,6,38349.0,39242.0,39712.0,38031.17158
2022-02-26,10,0.03625,2,1,7,39242.0,39138.0,40317.5,38590.5
2022-02-27,9,0.09555555555555556,3,0,6,39138.0,37715.5,39882.529807,37011.5
2022-02-28,10,0.059333333333333335,2,0,8,37715.5,43191.5,44230.116128,37444.570184
2022-03-01,10,0.04252380952380952,2,1,7,43185.5,44437.5,44982.0,42838.024741
2022-03-02,10,-0.039399350649350656,2,3,5,44437.5,43910.0,45359.430604,43333.5
2022-03-03,10,0.17537037037037034,4,0,6,43910.0,42457.5,44101.0,41822.5
2022-03-04,10,0.00566666666666667,2,2,6,42457.5,39169.0,42521.26,38565.5
2022-03-05,10,0.043333333333333335,1,0,9,39169.0,39403.0,39618.0,38582.5
2022-03-06,10,0.004861111111111105,1,3,6,39403.0,38420.0,39705.5,38097.5
2022-03-07,10,0.011212121212121211,1,1,8,38420.0,37998.5,39561.0,37163.0
2022-03-08,10,-0.048181818181818166,2,2,6,37994.0,38737.5,39372.0,37866.576844
2022-03-09,10,-0.006666666666666665,1,1,8,38737.5,41952.0,42590.5,38647.953681
2022-03-10,10,-0.011666666666666669,2,1,7,41952.0,39427.5,42046.277922,38553.177576
2022-03-11,10,-0.05,0,2,8,39428.5,38731.0,40259.5,38238.772112
2022-03-12,10,0.05,1,0,9,38731.0,38808.0,39463.0,38662.0
2022-03-13,10,0.133125,2,0,8,38808.5,37799.5,39324.534976,37585.5
2022-03-14,10,0.008775252525252525,3,1,6,37798.5,39671.0,39916.5,37568.0
2022-03-15,10,0.125974025974026,5,0,5,39671.0,39292.5,39900.0,38116.599942
2022-03-16,10,0.11499999999999999,4,0,6,39292.5,41126.0,41712.5,38830.050679
2022-03-17,10,0.046969696969696974,3,0,7,41126.0,40947.5,41485.5,40506.784619
2022-03-18,10,0.08142857142857143,3,2,5,40947.5,41775.5,42369.499293,40162.812802
2022-03-19,10,-0.004999999999999999,1,1,8,41775.5,42225.5,42420.347483,41534.974967
2022-03-20,7,0.13333333333333333,2,0,5,42225.5,41283.0,42322.0,40919.0
2022-03-21,10,0.078,6,2,2,41287.5,41017.0,41579.755085,40495.217428
2022-03-22,10,0.10300000000000001,3,0,7,41015.5,42376.0,43375.427015,40882.783585
2022-03-23,10,0.08081818181818182,4,0,6,42376.0,42895.0,43053.818821,41759.33343
2022-03-24,10,-0.021249999999999998,1,1,8,42908.0,44009.0,44253.775136,42624.595
2022-03-25,10,0.07749999999999999,3,0,7,44010.5,44333.5,45134.634417,43598.5
2022-03-26,10,-0.017083333333333332,1,2,7,44333.5,44543.0,44816.5,44080.167552
2022-03-27,10,0.05611111111111111,3,1,6,44543.0,46841.5,47031.06903,44446.0
2022-03-28,10,0.038863636363636364,4,4,2,46841.5,47131.5,48240.5,46670.5
2022-03-29,10,0.05231818181818182,2,1,7,47131.5,47446.0,48120.992315,46971.5
2022-03-30,10,0.022638888888888885,2,1,7,47445.0,47076.5,47716.506358,46520.5
2022-03-31,10,0.016686507936507937,3,1,6,46992.5,45526.0,47620.5,45209.781262
2022-04-01,10,0.10357142857142856,4,2,4,45526.0,46298.5,46724.0,44213.03688
2022-04-02,10,0.081,3,1,6,46298.5,45824.0,47044.925,45639.914867
2022-04-03,9,-0.022222222222222223,0,1,8,45824.0,46421.5,47445.5,45550.402764
2022-04-04,10,0.019166666666666665,2,1,7,46421.5,46590.5,46890.5,45126.0
2022-04-05,10,0.16999999999999998,4,0,6,45916.0,45501.0,46052.0795469,45376.0
2022-04-06,10,0.06363636363636363,2,0,8,45332.5,43203.0,45532.5,43126.16
2022-04-07,10,0.1,2,0,8,43203.0,43449.5,43914.0,42736.4845797
2022-04-08,10,0.16991017316017315,7,1,2,43445.5,42271.0,43985.0,42111.5
2022-04-09,10,0.03333333333333333,2,1,7,42269.0,42763.0,42810.0,42124.67695135
2022-04-10,10,0.07666666666666667,3,1,6,42766.0,42165.5,43447.5,41889.1766591
2022-04-11,10,0.0425,2,3,5,42165.5,39536.0,42424.735,39202.31432035
2022-04-12,10,-0.08518181818181818,1,3,6,39536.0,40093.0,40718.5,39263.0
2022-04-13,10,0.02583333333333333,2,1,7,40093.0,41152.5,41559.0,39583.5
2022-04-14,10,0.015064935064935059,3,2,5,41152.5,39951.0,41509.0,39549.1314957
2022-04-15,10,0.04416666666666667,2,0,8,39951.0,40570.5,40857.5,39770.46711395
2022-04-16,10,0.05,1,0,9,40570.5,40388.0,40725.5,40000.8817757
2022-04-17,10,0.12681818181818183,3,1,6,40388.0,39686.5,40603.0,39558.5
2022-04-18,10,0.08947222222222222,5,1,4,39686.5,40806.0,41102.5,38551.2346534
2022-04-19,10,0.08249999999999999,2,0,8,40874.5,41504.0,41780.02712615,40573.72221395
2022-04-20,10,0.017444444444444446,2,2,6,41468.0,41374.0,42225.5,40882.5
2022-04-21,10,0.041428571428571426,2,0,8,41437.5,40486.0,42980.73,39761.53790225
2022-04-22,10,0.16375,4,1,5,40486.0,39714.0,40797.5,39175.0
2022-04-23,10,0.17976190476190473,5,0,5,39714.0,39449.0,40002.82762795,39299.55502225
2022-04-24,9,-0.07867283950617283,2,3,4,39449.0,39460.0,39953.2157084,38953.4439655
2022-04-25,10,0.10375000000000001,4,1,5,39460.0,40438.5,40615.40156,38200.5
2022-04-26,10,0.05,3,0,7,40438.5,38132.0,40796.565,37655.0
2022-04-27,10,0.030000000000000006,3,1,6,38132.0,39247.5,39474.0,37882.01837665
2022-04-28,10,0.09856818181818182,5,0,5,39247.5,39747.5,40385.11,38858.0
2022-04-29,10,0.08279761904761904,3,1,6,39747.5,38590.13868969,39928.53677575,38169.2536715
2022-04-30,10,0.12000000000000002,3,1,6,38590.13868969,37645.09922996,38798.024785105,37586.3627674
2022-05-01,10,0.1003030303030303,4,0,6,37645.09922996,38469.91310846,38717.98037266,37401.79428729
2022-05-02,10,0.15416666666666667,3,1,6,38469.913061345,38520.839842035,39163.926146595,38042.7202272
2022-05-03,10,-0.12484848484848485,1,5,4,38520.839842035,37725.483259495,38648.41397025,37510.363876
2022-05-04,10,0.1,1,0,9,37725.483259495,39655.310451975,40033.019216,37659.0468203
2022-05-05,10,-0.09136363636363637,1,1,8,39687.109097075,36543.500133695,39837.43788285,35572.100139355
2022-05-06,10,-0.085,1,3,6,36543.500133695,36008.50014279,36662.70013457,35242.40013678
2022-05-07,10,0.03833333333333334,2,0,8,36008.50014279,35459.20013847,36130.344971995,34779.82624913
2022-05-08,10,0.09863636363636363,3,1,6,35459.20013847,34025.50013909,35498.4411673,33702.20759345
2022-05-09,10,0.09252525252525254,5,2,3,34026.7001391,30046.526534005,34238.50066005,30002.40482372
2022-05-10,10,0.020954545454545455,3,2,5,30040.73281829,31002.20236969,32647.10251581,29730.43973587
2022-05-11,10,0.0008333333333333304,1,3,6,30964.30236662,29015.453329995,32139.88144795,27716.8161084
2022-05-12,10,0.05244444444444444,2,1,7,29031.58257786,28937.300119155,30107.0045093,25275.68226681
2022-05-13,10,0.02,2,0,8,28912.500118955,29232.803300195,30981.265,28670.1369717
2022-05-14,10,-0.08444444444444445,2,2,6,29232.803300195,30076.020392795,30291.00778862,28579.3815611
2022-05-15,10,0.145,3,0,7,30076.02082553,31290.805820695,31421.204690385,29434.3790255
2022-05-16,10,0.04338961038961039,3,1,6,31290.805820695,29840.205586655,31292.195,29055.70326925
2022-05-17,10,0.06499999999999999,2,0,8,29840.205586655,30418.90461434,30743.805761385,29412.70118352
2022-05-18,10,0.09,2,0,8,30418.90461434,28672.105324305,30679.00583564,28609.805312385
2022-05-19,10,-0.04375,1,2,7,28697.705329205,30281.00453003,30507.70572358,28648.66
2022-05-20,10,-0.005000000000000002,0,1,9,30283.104530355,29164.503306625,30737.7461524,28695.28331175
2022-05-21,10,-0.018055555555555554,1,2,7,29164.503306625,29404.803323785,29620.201192755,28912.202756045
2022-05-22,8,0.02968749999999999,2,3,3,29404.803323785,30262.036445825,30455.375282365,29219.503301905
2022-05-23,10,0.07357142857142857,2,0,8,30262.036585825,29081.70646891,30633.0241987,28841.70641399
2022-05-24,10,0.09166666666666666,3,0,7,29081.70646891,29627.20011245,29822.200113935,28629.52
2022-05-25,10,0.215,4,0,6,29627.20011245,29507.600111545,30195.69576261,29295.03290052
2022-05-26,10,0.06625,2,2,6,29507.600111545,29171.502220935,29854.700114185,27993.99
2022-05-27,10,-0.03015151515151515,1,3,6,29169.502220775,28597.600120485,29357.702235885,28244.81382945
2022-05-28,8,0.008522727272727272,1,0,7,28596.80012048,29007.402218605,29231.702236775,28477.27310226
2022-05-29,3,0.2787878787878788,3,0,0,29007.402218605,29442.300144365,29569.2967108,28812.208802
2022-05-30,10,0.145,4,0,6,29442.300144365,31713.002463145,32193.5897199,29275.5277104
2022-05-31,10,0.06898148148148149,3,2,5,31713.002463145,31779.001267285,32382.101341305,31192.7024206
2022-06-01,10,0.18585858585858586,5,0,5,31779.001267285,29793.50010802,31958.5013017,29290.1869895
2022-06-02,10,0.010984848484848483,1,1,8,29793.50010802,30429.900112685,30669.800666685,29565.90976275
2022-06-03,10,0.029722222222222212,2,3,5,30429.900112685,29676.20010717,30673.100114495,29241.46467441
2022-06-04,9,0.0595959595959596,3,1,5,29676.20010717,29842.10119386,29970.002278745,29457.427212
2022-06-05,10,0.07787878787878787,3,0,7,29842.10119386,29896.699575915,30148.7772251,29509.1722286
2022-06-06,10,-0.09125,2,4,4,29896.699575915,31345.999557085,31739.4001655,29861.5268294
2022-06-07,10,-0.03305555555555556,0,2,8,31345.999557085,31100.404635645,31550.40441555,29202.0051284
2022-06-08,10,0.11499999999999999,2,0,8,31099.80463556,30179.20119937,31305.4230508,29826.89269295
2022-06-09,10,0.04648484848484848,2,1,7,30179.20119937,30081.40011188,30684.879030845,29914.7331606
2022-06-10,10,0.0355,3,1,6,30081.40011188,29062.70010443,30341.265,28825.278268275
2022-06-11,10,-0.05,0,2,8,29062.70010443,28392.50214448,29412.19957205,28076.10213908
2022-06-12,10,0.175,5,1,4,28393.402144555,26543.901551465,28516.005,26528.501550495
2022-06-13,10,-0.016666666666666663,2,3,5,26543.901551465,22445.501316425,26855.30202325,21902.40128211
2022-06-14,10,-0.0175,1,2,7,22445.301316415,22106.70406916,23295.704329445,20814.20384805
2022-06-15,10,0.066,2,0,8,22106.70406916,22558.504174075,22769.3667481,20068.535
2022-06-16,10,0.13374999999999998,4,1,5,22558.504174075,20371.7037595,22960.125,20201.10372725
2022-06-17,10,0.027499999999999997,2,1,7,20372.403759635,20443.80378091,21332.01,20216.10373008
2022-06-18,10,-0.07805555555555556,1,3,6,20443.80378091,18944.90691487,20761.95746206,17586.585
2022-06-19,10,0.11916666666666667,3,0,7,18944.90691487,20548.803800845,20795.4038477,17927.009772665
2022-06-20,10,-0.027045454545454532,4,1,5,20550.50380117,20550.70381691,21043.601621295,19607.50365802
2022-06-21,10,0.09624999999999999,2,1,7,20550.70381691,20701.90385798,21700.90161864,20330.103034825
2022-06-22,10,0.06999999999999999,3,1,6,20702.40385807,19970.103708945,20876.00387369,19752.30366726
2022-06-23,10,0.025,2,1,7,19985.0037118,21100.903916685,21209.97896314,19965.7037081
2022-06-24,10,0.017222222222222222,1,0,9,21100.903916685,21222.203939885,21539.428656555,20711.30385979
2022-06-25,10,0.06363636363636363,3,1,6,21222.203939885,21477.00491736,21594.70417702,20898.703878025
2022-06-26,9,0.2111111111111111,3,0,6,21472.90491639,21027.80391176,21877.72014081,20956.20655505
2022-06-27,10,0.0425,2,1,7,21027.80391176,20723.70236139,21557.62385515,20497.661542
2022-06-28,10,0.05720779220779221,3,0,7,20724.40236147,20253.50229667,21187.70992005,20179.102989475
2022-06-29,10,-0.004999999999999999,1,1,8,20253.50229667,20095.80297679,20407.3550771,19830.4309013
2022-06-30,10,0.10500000000000001,3,2,5,20120.8029806,19948.86069929,20144.00298413,18602.402749865
2022-07-01,10,-0.06459090909090909,2,3,5,19947.561061855,19255.002848915,20884.24063275,18949.20213482
2022-07-02,10,0.025,2,0,8,19255.002848915,19225.80215214,19428.51041407,18961.08105485
2022-07-03,8,0.0825,2,0,6,19225.80215214,19225.80215214,19225.80215214,19225.80215214
2022-07-04,10,0.065,2,0,8,19293.402159975,20216.7029952,20331.30301266,19032.665
2022-07-05,10,0.10415584415584414,4,0,6,20216.7029952,20152.802985465,20730.83976807,19281.045
2022-07-06,10,0.04375,2,2,6,20152.802985465,20543.00304492,20646.64466905,19747.502923785
2022-07-07,10,0.08833333333333335,3,2,5,20543.00304492,21612.00334175,21839.75940432,20236.556445245
2022-07-08,10,0.10599999999999998,2,1,7,21613.20334194,21584.80332852,22498.9089092,21166.70237783
2022-07-09,10,0.07863636363636364,5,1,4,21584.903328535,21580.303327805,21959.003397035,21315.195
2022-07-10,10,0.09333333333333332,2,2,6,21580.303327805,20850.702340975,21593.403338785,20645.202317035
2022-07-11,10,-0.0020833333333333316,3,3,4,20850.702340975,19946.402957,20852.30234116,19862.50365949
2022-07-12,10,0.0665,4,1,5,19944.202956665,19307.002859585,20038.00297097,19226.60423209
2022-07-13,10,-0.009555555555555553,1,2,7,19306.102859445,20215.34913176,20332.99743225,18886.373110915
2022-07-14,10,0.06685353535353536,4,3,3,20215.37956826,20574.90312761,20885.40240736,19604.923537755
2022-07-15,10,0.025178571428571418,2,1,7,20574.103127485,20825.00162092,21189.100077745,20366.003003365
2022-07-16,10,0.016666666666666666,1,0,9,20824.401620875,21189.003257985,21579.255,20472.00154499
2022-07-17,10,-0.09055555555555557,0,3,7,21188.303257875,20791.50242316,21671.54,20749.002385805
2022-07-18,10,0.06999999999999999,2,0,8,20791.50242316,22429.701756705,22768.70009025,20760.3024194
2022-07-19,10,-0.0072916666666666685,1,1,8,22429.50175669,23397.70184681,23807.401875985,21572.90085637
2022-07-20,10,0.034444444444444444,2,1,7,23397.70184681,23225.1018139,24278.600094365,22916.500084755
2022-07-21,10,0.034999999999999996,1,2,7,23224.70181387,23152.100086045,23436.00185104,22339.900079685
2022-07-22,10,-0.062,1,2,7,23150.600086035,22690.000930195,23762.50010368,22508.20092202
2022-07-23,10,0.034999999999999996,2,1,7,22690.000930195,22449.701765715,23004.28,21949.205
2022-07-24,10,0.09,3,0,7,22449.701765715,22578.10008183,23019.975,22263.701736415
2022-07-25,10,-0.07541666666666666,0,4,6,22578.10008183,21308.400071475,22664.77,21258.40007114
2022-07-26,10,0.06988636363636364,4,1,5,21309.600071485,21258.500071145,21343.71264645,20722.36509788
2022-07-27,10,0.0875,2,0,8,21258.500071145,22964.100085555,23110.417229215,21044.6251159
2022-07-28,10,0.10625,3,1,6,22960.200085525,23851.900092795,24202.30009477,22588.300082555
2022-07-29,10,0.16555555555555554,4,0,6,23863.700092885,23788.20144602,24434.01080648,23434.700090055
2022-07-30,10,0.06,2,0,8,23788.20144602,23648.2014147,24663.100118095,23518.5868834
2022-07-31,10,0.10958333333333332,4,0,6,23648.2014147,23301.40008856,24193.30100435,23243.600087415
2022-08-01,10,0.06481481481481481,1,2,7,23302.700088565,23274.300083535,23517.27,22858.39
2022-08-02,10,0.095,2,0,8,23273.700083535,22997.600079145,23465.80009341,22661.000076845
2022-08-03,10,-0.06999999999999998,0,1,9,22997.600079145,22822.500077945,23644.400085985,22690.200077045
2022-08-04,10,-0.00972222222222222,1,2,7,22822.500077945,22625.600076605,23229.985,22401.200093865
2022-08-05,10,0.011,1,0,9,22626.40007661,23316.10008803,23480.700085025,22590.97504115
2022-08-06,10,0.12484848484848485,3,1,6,23316.700088035,22959.900078885,23355.3047419,22921.80009042
2022-08-07,10,0.053125,3,0,7,22959.900078885,23180.70008309,23402.200092655,22854.6465188
2022-08-08,10,0.0,0,0,10,23180.70008309,23815.400081445,24247.3000914,23159.4955067
2022-08-09,10,0.02727272727272727,2,0,8,23814.80008144,23158.600077015,23929.100082225,22879.40009396
2022-08-10,10,0.13375,4,0,6,23158.600077015,23958.70008243,24223.16956175,22671.949344635
2022-08-11,10,0.08345454545454545,4,0,6,23958.70008243,23945.50008234,24929.9452944,23866.700081795
2022-08-12,10,0.07083333333333333,2,0,8,23887.100081935,24416.200088225,24463.30010212,23595.95
2022-08-13,10,0.032499999999999994,2,1,7,24416.900088225,24454.60008945,24896.935,24306.400100275
2022-08-14,10,0.24333333333333335,6,0,4,24454.60008945,24315.7000875,25040.348561575,24155.600104735
2022-08-15,10,0.0075,1,0,9,24315.7000875,24102.30008738,25214.60818575,23778.400080995
2022-08-16,10,0.14145833333333332,4,3,3,24101.600087375,23858.40008154,24250.22,23665.30008825
2022-08-17,10,-0.006363636363636366,1,1,8,23858.40008154,23341.50007805,24441.595,23181.000080825
2022-08-18,10,-0.0013636363636363614,2,2,6,23342.20007805,23187.50007702,23598.20007977,23111.200095645
2022-08-19,10,0.028333333333333332,3,2,5,23187.50007702,20836.300062195,23206.0930642,20789.665
2022-08-20,10,0.07645833333333332,4,0,6,20836.300062195,21138.900031965,21367.70003266,20762.800040095
2022-08-21,8,0.030357142857142857,1,0,7,21138.900031965,21514.40003311,21791.7183431,21067.600031755
2022-08-22,10,-0.01,0,1,9,21514.40003311,21398.200081695,21533.30003317,20895.6316652
2022-08-23,10,-0.02036363636363636,2,1,7,21398.200081695,21528.10007854,21682.900079675,20896.40007835
2022-08-24,10,0.06,2,0,8,21528.10007854,21369.300077385,21891.813554265,21150.500072975
2022-08-25,10,0.05600000000000001,3,0,7,21369.300077385,21561.200078785,21812.5118448,21304.000076505
2022-08-26,10,-0.08503367003367003,1,4,5,21561.200078785,20238.400073495,21879.825,20114.20654845
2022-08-27,10,-0.015000000000000003,1,1,8,20238.300073495,20035.100065475,20382.80007455,19806.800083195
2022-08-28,10,-0.08166666666666665,3,3,4,20035.100065475,19546.881281545,20160.1000663,19517.500074565
2022-08-29,10,-0.1335151515151515,1,3,6,19546.38252952,20292.400073675,20425.70008167,19540.932264945
2022-08-30,10,0.020000000000000007,2,1,7,20290.00007366,19814.60006798,20575.90008711,19540.90009256
2022-08-31,10,0.007500000000000007,3,4,3,19814.60006798,20048.90007211,20486.0263908,19798.16712615
2022-09-01,10,-0.03872222222222223,2,5,3,20048.90007211,20132.200072125,20207.2477677,19566.70007292
2022-09-02,10,0.054707792207792205,3,0,7,20131.60007212,19955.70006895,20443.100090455,19757.46633515
2022-09-03,10,-0.11219696969696971,1,4,5,19955.70006895,19833.900068115,20055.400075355,19651.83918345
2022-09-04,10,-0.040000000000000015,2,2,6,19833.900068115,20004.80155615,20028.26324095,19585.823007
2022-09-05,10,0.006136363636363634,1,1,8,20004.2015561,19797.00006786,20056.305,19633.10007675
2022-09-06,10,0.059750000000000004,3,0,7,19797.00006786,18790.20142666,20181.82029,18649.78625375
2022-09-07,10,0.04772727272727273,3,1,6,18790.20142666,19291.70006444,19462.500065585,18536.101406385
2022-09-08,10,-0.08833333333333333,2,2,6,19291.70006444,19321.300064635,19459.3810044,19013.600062595
2022-09-09,10,-0.058333333333333334,0,3,7,19321.300064635,21367.90088261,21625.95344805,19293.1774504
2022-09-10,10,0.09999999999999999,3,1,6,21367.90088261,21655.10090052,21817.800905555,21128.935
2022-09-11,10,0.06499999999999999,3,0,7,21655.800900555,21833.900102625,21873.58238445,21356.64875245
2022-09-12,10,0.03796969696969697,3,0,7,21834.500102635,22400.10007997,22487.4087008,21550.200112775
2022-09-13,10,0.13999999999999999,4,1,5,22400.10007997,20174.874148775,22789.985,19871.68320225
2022-09-14,10,0.086,3,0,7,20174.874549055,20228.403724525,20530.82,19610.44668278
2022-09-15,10,0.006666666666666673,2,1,7,20229.00372464,19700.500060025,20336.82,19493.90288437
2022-09-16,10,0.034999999999999996,2,1,7,19700.500060025,19802.300060645,19889.800061185,19319.6637491
2022-09-17,10,-0.03875000000000001,1,4,5,19801.20006064,20112.401511,20189.57671655,19748.9124494
2022-09-18,10,0.0019444444444444444,0,1,9,20113.7015111,19418.70005832,20118.8015115,19336.23
2022-09-19,10,-0.065,0,2,8,19418.70005832,19542.10007314,19681.300088075,18254.98709285
2022-09-20,10,0.02833333333333333,3,1,6,19542.10007314,18874.200067495,19637.565,18729.100077395
2022-09-21,10,0.04875,2,0,8,18874.200067495,18463.503406045,19963.60185785,18148.0224104
2022-09-22,10,0.1375,3,0,7,18460.703405515,19399.80224311,19531.024117345,18354.98670573
2022-09-23,10,0.001944444444444443,1,3,6,19399.80224311,19285.3022246,19495.500072015,18529.90208398
2022-09-24,10,0.056041666666666656,3,0,7,19285.3022246,18920.60006801,19311.43691725,18807.02637705
2022-09-25,10,-0.055946969696969696,3,2,5,18921.20006802,18806.90216659,19175.45,18631.90209591
2022-09-26,10,0.12050000000000001,4,0,6,18806.90216659,19226.402203355,19318.1652658,18682.502085655
2022-09-27,10,0.027569444444444452,2,1,7,19226.402203355,19076.400069065,20380.57798585,18817.90006721
2022-09-28,10,0.10500000000000001,2,0,8,19076.400069065,19409.20007428,19775.700077315,18474.700064775
2022-09-29,10,-0.06999999999999998,0,1,9,19409.20007428,19597.09735166,19646.75359725,18841.79045935
2022-09-30,10,-0.034999999999999996,0,1,9,19597.070135045,19423.30007813,20179.3000805,19160.77882915
2022-10-01,10,0.12933333333333336,3,0,7,19423.30007813,19313.801513995,19486.87,19157.96494395
2022-10-02,10,0.02002525252525253,2,4,4,19312.901513925,19056.801444695,19398.3092076,18920.5338078
2022-10-03,10,0.065,2,0,8,19056.801444695,19633.1000783,19716.600078755,18963.0602193
2022-10-04,10,0.10779545454545454,2,0,8,19639.600078565,20346.301594245,20485.1068367,19494.17894965
2022-10-05,10,-0.012833333333333332,1,2,7,20346.301594245,20161.20007567,20371.013416565,19739.70838075
2022-10-06,10,0.011761363636363648,3,1,6,20161.20007567,19962.201569975,20452.600077665,19858.5635692
2022-10-07,10,0.06999999999999999,2,0,8,19957.80156961,19534.201536675,20064.29175115,19325.001511355
2022-10-08,10,0.038636363636363635,2,1,7,19527.80151567,19420.400069645,19628.5015362,19236.63332795
2022-10-09,10,0.0769090909090909,4,0,6,19420.400069645,19441.10007055,19559.60007103,19321.40006931
2022-10-10,10,0.053500000000000006,2,1,7,19441.10007055,19132.50006528,19527.200070415,19026.7502471
2022-10-11,10,0.025,1,0,9,19133.00006528,19056.40144369,19266.5366144,18853.40213172
2022-10-12,10,0.06,5,1,4,19056.40144369,19154.90006543,19235.30006928,18975.10007384
2022-10-13,10,0.08079545454545453,3,2,5,19154.90006543,19376.600066955,19509.2193004,18161.97820125
2022-10-14,10,0.04833333333333334,2,1,7,19374.60006694,19175.50006557,19956.21359345,19076.75148615
2022-10-15,10,-0.05458333333333334,1,4,5,19176.000065575,19070.900064855,19228.000069225,18979.00320525
2022-10-16,10,0.16375,5,1,4,19070.900064855,19263.200066175,19427.200069735,19063.2503274
2022-10-17,10,0.06333333333333332,4,1,5,19263.200066175,19549.80006743,19677.600071735,19156.30006544
2022-10-18,10,0.019318181818181818,2,3,5,19549.80006743,19330.70006593,19705.2000706,19089.75672975
2022-10-19,10,0.057222222222222216,2,1,7,19330.200065925,19122.500064515,19359.800069435,19071.075
2022-10-20,10,-0.03777777777777778,1,3,6,19122.500064515,19042.500063975,19345.30007263,18903.10006935
2022-10-21,10,0.07472222222222223,4,1,5,19042.500063975,19165.800064805,19253.600068675,18655.4399133
2022-10-22,10,0.04520833333333333,3,2,5,19166.40006481,19207.90006509,19255.300068685,19111.70065315
2022-10-23,10,0.011666666666666664,4,4,2,19207.90006509,19570.800067575,19693.9277603,19069.5561626
2022-10-24,10,0.006484848484848487,2,1,7,19570.800067575,19330.300069425,19602.2358807,19158.4043433
2022-10-25,10,0.022875,2,1,7,19330.300069425,20084.300074745,20421.36447475,19238.0731586
2022-10-26,9,0.07962962962962963,1,0,8,20084.300074745,20775.50123603,21030.30407625,20054.5636899
2022-10-27,10,0.009444444444444445,1,2,7,20776.40123609,20296.000076535,20877.225,20198.205
2022-10-28,10,0.07541666666666666,4,1,5,20296.000076535,20597.40008277,20754.900079825,20007.40007358
2022-10-29,10,0.06363636363636363,3,0,7,20597.40008277,20819.100096385,21089.98530465,20558.72505525
2022-10-30,10,-0.0015454545454545525,3,3,4,20819.100096385,20628.90007907,20939.9181044,20518.8642809
2022-10-31,10,0.06166666666666667,3,0,7,20628.90007907,20491.900070095,20842.7344672,20236.900075275
2022-11-01,10,0.026000000000000002,2,0,8,20467.800069925,20483.300070035,20690.8984001,20326.9635663
2022-11-02,10,0.09751262626262627,3,2,5,20483.300070035,20151.30369596,20803.44180915,20059.5614172
2022-11-03,10,0.011428571428571427,2,1,7,20148.3036954,20208.00152352,20392.36319976,20036.003681215
2022-11-04,10,0.15940259740259738,3,1,6,20190.401522135,21150.2000808,21302.25422405,20188.02639065
2022-11-05,10,-0.03416666666666667,1,3,6,21151.60008081,21300.50008195,21479.34330645,21081.4226655
2022-11-06,10,0.03361111111111111,2,1,7,21299.800081945,20907.20008338,21365.30007937,20888.7400532
2022-11-07,10,0.016,2,1,7,20906.60008338,20593.001567935,21069.00008377,20383.8061994
2022-11-08,10,0.08857142857142856,2,0,8,20593.601567985,18549.42687035,20680.5224893,17000.2820785
2022-11-09,10,0.11000000000000001,3,0,7,18515.726821245,15894.91440443,18593.026933885,15507.42216975
2022-11-10,10,0.0,0,0,10,15895.614405065,17550.91587812,18136.625,15709.463736
2022-11-11,10,0.0018181818181818132,1,1,8,17550.91587812,17001.827904875,17641.315960335,16339.95957099
2022-11-12,10,-0.05803030303030303,1,3,6,17004.620149915,16782.81823725,17066.19,16531.12797785
2022-11-13,10,0.06055555555555555,3,2,5,16785.71824042,16303.31771309,16924.118391745,16183.80491985
2022-11-14,10,0.019999999999999997,1,1,8,16304.217714075,16588.518051915,17158.215,15773.76060205
2022-11-15,10,0.023636363636363636,2,1,7,16588.418051805,16875.70949264,17103.94,16511.617967605
2022-11-16,10,0.03106060606060606,2,1,7,16876.209492925,16659.543693035,16989.065,16362.2450099
2022-11-17,10,0.04,1,1,8,16660.543893785,16680.806281795,16735.645,16407.8147065
2022-11-18,10,0.15944444444444444,3,1,6,16680.806281795,16684.606283255,16979.3755367,16529.98433975
2022-11-19,10,0.030416666666666693,4,2,4,16684.606283255,16686.50628398,16802.4,16530.49705035
2022-11-20,10,0.009999999999999998,1,0,9,16686.50628398,16246.687143385,16732.30630153,16155.7170325
2022-11-21,10,0.15,3,0,7,16246.66510916,15755.40578075,16278.11183652,15458.11309335
2022-11-22,10,0.020833333333333336,1,3,6,15755.605780825,16205.28742545,16286.5098529,15595.605721025
2022-11-23,10,-0.01818181818181818,1,1,8,16205.709211705,16587.70933167,16682.185,16136.73425635
2022-11-24,10,0.052500000000000005,2,0,8,16587.70933167,16585.80316003,16792.1236138,16445.78446055
2022-11-25,10,0.0625,2,1,7,16585.80316003,16513.703145895,16609.17306252,16331.91
2022-11-26,10,0.04,1,1,8,16513.103145775,16452.50620928,16689.315,16365.5101466
2022-11-27,6,0.10719696969696972,3,0,3,16453.40620962,16424.30312837,16587.52,16382.8645407
2022-11-28,10,0.01363636363636363,2,1,7,16424.30312837,16206.505920685,16481.90313966,15984.7581888
2022-11-29,10,0.13738636363636364,4,0,6,16206.0059205,16434.50375889,16540.12,16077.87964955
2022-11-30,10,0.006666666666666665,2,3,5,16434.50375889,17171.33751165,17232.249705945,16405.0680239
2022-12-01,10,0.0375,1,1,8,17171.33751165,16979.698514775,17292.23481365,16853.9570645
2022-12-02,10,0.07731818181818181,3,0,7,16979.698514775,17096.3218578,17107.45861001,16773.3926031
2022-12-03,10,-0.007499999999999998,1,1,8,17096.3218578,16888.80637944,17156.453301435,16847.2358353
2022-12-04,10,0.13,4,0,6,16888.80637944,17109.30646401,17200.2262182,16866.4427527
2022-12-05,10,0.009999999999999998,1,0,9,17109.30646401,16967.8031422,17423.12,16853.41866535
2022-12-06,10,0.019374999999999996,2,2,6,16967.8031422,17084.70316446,17104.603168245,16894.39480825
2022-12-07,10,0.07729437229437229,4,1,5,17084.603164435,16839.003117685,17135.7,16678.1427713
2022-12-08,10,0.01,1,0,9,16839.003117685,17225.50329761,17302.03,16722.1766189
2022-12-09,10,0.00017857142857142795,2,1,7,17225.50329761,17131.20317331,17352.8898994,17051.33420395
2022-12-10,10,0.103125,2,0,8,17131.20317331,17125.003172135,17226.02278777,17081.8919542
2022-12-11,10,0.08319444444444446,2,3,5,17125.003172135,17087.40316497,17269.34,17055.5766567
2022-12-12,10,0.025,1,0,9,17087.40316497,17206.506560555,17240.43,16856.99392345
2022-12-13,10,0.034375,1,1,8,17206.506560555,17766.603439045,17980.795,17072.76839545
2022-12-14,10,0.01125,2,1,7,17766.603439045,17803.82288655,18372.22980359,17661.998726075
2022-12-15,10,0.13148148148148148,4,0,6,17803.82288655,17359.40658777,17855.21775689,17277.86716175
2022-12-16,10,-0.07833333333333334,0,2,8,17358.806587535,16633.003079515,17522.5066509,16524.7247019
2022-12-17,9,0.05,2,0,7,16633.003079515,16784.30310831,16801.603111605,16575.2763941
2022-12-18,10,0.029999999999999992,2,0,8,16784.30310831,16743.90310062,16859.621591135,16658.1315869
2022-12-19,10,0.12386363636363637,3,1,6,16743.90310062,16439.20304407,16821.505,16244.6484098
2022-12-20,10,-0.005,0,0,10,16438.603043955,16897.803235765,17055.059782405,16387.6151936
2022-12-21,10,-0.07175000000000001,1,2,7,16897.803235765,16821.709480885,16925.355,16725.6677499
2022-12-22,10,0.09222222222222223,3,0,7,16821.709480885,16814.30321932,16866.44,16557.7853631
2022-12-23,10,0.1,2,0,8,16814.30321932,16776.603230185,16934.5049092,16740.15033995
2022-12-24,10,0.005476190476190475,1,1,8,16776.603230185,16837.003242215,16860.32,16767.77462275
2022-12-25,10,0.034999999999999996,2,1,7,16837.003242215,16826.503221725,16853.045,16716.3497526
2022-12-26,10,-0.05912878787878788,2,3,5,16826.503221725,16922.387040585,16939.09038388,16784.56649745
2022-12-27,10,0.12875,4,0,6,16922.387040585,16696.506144085,16967.896149555,16581.7524287
2022-12-28,10,0.0375,2,1,7,16696.506144085,16538.60306299,16774.50321148,16452.3127398
2022-12-29,10,0.07854545454545454,4,1,5,16538.60306299,16623.903079235,16653.403084855,16473.9695681
2022-12-30,10,0.01999999999999999,3,1,6,16623.903079235,16598.503074395,16656.651991635,16322.29784395
2022-12-31,10,0.13708333333333333,4,0,6,16598.503074395,16530.103061375,16635.56647145,16456.4887492
2023-01-01,10,-0.044431818181818176,0,2,8,16530.103061375,16615.00307754,16635.71678144,16482.55120275
2023-01-02,10,-0.011363636363636364,2,2,6,16615.00307754,16668.60308775,16788.603214255,16536.63067445
2023-01-03,10,-0.0024242424242424234,1,1,8,16668.60308775,16667.600086195,16769.90321058,16589.7384118
2023-01-04,10,0.034878787878787884,3,1,6,16667.600086195,16844.20007277,16986.61,16636.43832125
2023-01-05,10,0.034999999999999996,2,0,8,16844.20007277,16824.000072595,16873.47,16746.64972005
2023-01-06,10,0.05338636363636364,4,3,3,16824.000072595,16947.80007367,17029.100074375,16668.7632349
2023-01-07,10,0.04,1,1,8,16947.80007367,16942.90007363,16977.76,16901.456518985
2023-01-08,10,0.145,4,1,5,16942.90007363,17127.100075235,17167.4742599,16909.834378
2023-01-09,10,-0.003999999999999995,2,2,6,17126.60007523,17177.200070975,17399.19062255,17102.63974455
2023-01-10,10,-0.010833333333333337,2,1,7,17176.70007097,17445.70007565,17494.906586225,17142.80007069
2023-01-11,10,0.05898809523809524,3,2,5,17445.70007565,17942.100080015,18000.79152185,17311.7683296
2023-01-12,10,0.05,1,0,9,17942.100080015,18849.900088315,19116.83292251,17906.300079695
2023-01-13,10,-0.027083333333333338,1,2,7,18849.900088315,19934.003838515,20005.1197081,18715.80410235
2023-01-14,10,0.007499999999999998,2,3,5,19934.003838515,20960.60808626,21347.11867535,19894.90383079
2023-01-15,10,-0.0008750000000000008,2,2,6,20960.60808626,20877.900109215,21056.3067457,20564.73115785
2023-01-16,10,0.14327272727272727,5,0,5,20877.900109215,21190.100112505,21461.9403311,20619.0855959
2023-01-17,10,-0.013750000000000002,1,1,8,21190.800112515,21139.80011197,21634.57785775,20849.7504342
2023-01-18,10,-0.01887121212121212,2,3,5,21139.80011197,20672.607925035,21649.26247625,20403.22348773
2023-01-19,10,-0.010363636363636361,2,1,7,20672.607925035,21080.100112235,21191.55,20657.86
2023-01-20,10,0.2644444444444444,5,1,4,21080.100112235,22670.404405265,22756.304422415,20866.45745565
2023-01-21,10,0.07146969696969696,5,0,5,22670.404405265,22786.800120215,23362.6099232,22431.1700089
2023-01-22,10,0.11181818181818182,4,0,6,22787.40012022,22714.10011945,23080.803639385,22306.4384192
2023-01-23,10,0.20583333333333337,4,0,6,22714.10011945,22925.300092205,23180.4,22511.001962995
2023-01-24,10,0.06,1,1,8,22925.300092205,22636.00824575,23166.91655415,22466.005
2023-01-25,10,0.025,2,1,7,22636.00824575,23063.708823445,23825.76546395,22331.0796697
2023-01-26,10,0.04681818181818182,4,1,5,23063.108823215,23009.80009215,23286.300095125,22856.66571415
2023-01-27,10,0.13113636363636366,3,0,7,23010.500092155,23082.5000843,23511.6561634,22537.745
2023-01-28,10,0.0953030303030303,4,1,5,23082.5000843,23031.000083925,23196.875,22885.90008287
2023-01-29,10,0.20981818181818182,4,0,6,23031.60008393,23743.6000892,23969.95234255,22974.8635302
2023-01-30,10,-0.085,1,3,6,23743.5000892,22833.40007775,23804.85453125,22493.48467555
2023-01-31,10,0.15516666666666667,4,0,6,22833.40007775,23129.70007978,23328.97109235,22716.12511855
2023-02-01,10,0.238,4,0,6,23128.900079775,23734.200087505,23825.0224865,22770.66992845
2023-02-02,10,0.08774747474747474,6,1,3,23734.200087505,23494.000083455,24262.3746005,23368.63122963
2023-02-03,10,0.09944444444444445,4,2,4,23494.000083455,23432.800067455,23719.100069115,23209.100066175
2023-02-04,10,0.053636363636363635,3,1,6,23432.800067455,23328.900080235,23594.0762089,23262.000066475
2023-02-05,10,0.09204166666666666,3,1,6,23328.900080235,22938.100064635,23439.50357765,22759.44443425
2023-02-06,10,-0.04747474747474747,3,2,5,22934.284914822656,22763.21399205,23156.06,22626.15261084553
2023-02-07,10,0.10149999999999999,4,1,5,22763.34641019,23244.09282499684,23352.03118828055,22746.67564795
2023-02-08,10,0.02759469696969697,3,1,6,23242.94425945664,22963.9515147,23456.1004593,22671.9405136715
2023-02-09,10,0.12249999999999998,4,1,5,22963.84731991,21801.705189076543,23013.100082455,21696.015336335
2023-02-10,10,-0.01143181818181818,1,2,7,21802.918426415046,21633.868367001294,21944.069767807665,21457.88367305
2023-02-11,10,0.11749999999999998,5,0,5,21633.868367001294,21865.21481524,21907.39340021,21597.528919758453
2023-02-12,10,-0.08089285714285714,1,3,6,21865.21481524,21789.566397921524,22092.936379684517,21636.1529996
2023-02-13,10,0.09891414141414143,4,1,5,21789.566397921524,21795.71032156,21904.713167066093,21369.28415215
2023-02-14,10,0.06791666666666665,5,2,3,21795.71032156,22203.72032671808,22334.73331582,21531.817857625025
2023-02-15,10,0.128,3,0,7,22202.60722344735,24329.88147467,24387.859764857665,22051.70006417
2023-02-16,10,0.16,3,1,6,24329.88147467,23516.31784743,25257.3210788,23508.10267413
2023-02-17,10,-0.016111111111111114,3,2,5,23516.31784743,24587.07675180295,25039.60033235,23345.500100685
2023-02-18,10,0.08062499999999999,2,1,7,24587.07675180295,24640.90487994688,24889.2134475,24448.8000915
2023-02-19,10,0.057499999999999996,2,0,8,24640.90487994688,24280.24732094,25195.78554968482,24202.77583278
2023-02-20,10,0.06071428571428571,2,0,8,24280.24732094,24853.05990319828,25123.52944215,23844.1787113
2023-02-21,10,0.041666666666666664,3,2,5,24853.079619624605,24456.669929854645,25275.2384941,24152.001328403145
2023-02-22,10,0.05,1,0,9,24456.669929854645,24188.001673609633,24481.768911331048,23579.1026973
2023-02-23,10,0.03946969696969697,5,1,4,24188.001673609633,23945.18440485,24602.44387112421,23609.30421745
2023-02-24,10,0.10500000000000001,3,0,7,23945.4038968,23185.71625783692,24136.0084077,22816.69322913537
